mouvement;Vacc;Vacc;Vacc;Vacc;Vacc;Vacc;Vacc;Vacc;Vacc;Vacc;Vacc;Vacc;Vacc;Vacc;Vacc;Vacc;Vacc;Vacc;Vacc;Vacc;Vacc;Vacc;Vacc;Vacc;Vacc;Vacc;Vacc;Vacc;Vacc;Vacc;Vacc;Vacc;Vacc;Vacc;Vacc;Vacc;Vacc;Vacc;Vacc;Vacc;Vacc;Vacc;Vacc;Vacc;Vacc;Vacc;Vacc;Vacc;Vacc;Vacc;Vacc;Vacc;Vacc;Vacc;Vacc;Vacc;Vacc;Vacc;Vacc;Vacc;Vacc;Vacc;Vacc;Vacc;Vacc;Vacc;Vacc;Vacc;Vacc;Vacc;Vacc;Vacc;Vacc;Vacc;Vacc;Vacc;Vacc;Vacc;Vacc;Vacc;Vacc;Vacc;Vacc;Vacc;Vacc;Vacc;Vacc;Vacc;Vacc;Vacc;Vacc;Vacc;Vacc;Vacc;Vacc;Vacc;Vacc;Vacc;Vacc;Vacc;Vacc;Vacc;Vacc;Vacc;Vacc;Vacc;Vacc;Vacc;Vacc;Vacc;Vacc;Vacc;Vacc;Vacc;Vacc;Vacc;Vacc;Vacc;Vacc;Vacc;Vacc;Vacc;Vacc;Vacc;Vacc;Vacc;Vacc;Vacc;Vacc;Vacc;Vacc;Vacc;Vacc;Vacc;Vacc;Vacc;Vacc;Vacc;Vacc;Vacc;Vacc;Vacc;Vacc;Vacc;Vacc;Vacc;Vacc;Vacc;Vacc;Vacc;Vacc;Vacc;Vacc;Vacc;Vacc;Vacc;Vacc;Vacc;Vacc;Vacc;Vacc;Vacc;Vacc;Vacc;Vacc;Vacc;Vacc;Vacc;Vacc;Vacc;Vacc;Vacc;Vacc;Vacc;Vacc;Vacc;Vacc;Vacc;Vacc;Vacc;Vacc;Vacc;Vacc;Vacc;Vacc;Vacc;Vacc;Vacc;Vacc;Vacc;Vacc;Vacc;Vacc;Vacc;Vacc;Vacc;Vacc;Vacc;Vacc;Vacc;Vacc;Vacc;Vacc;Vacc;Vacc;Vacc;Vacc;Vacc;Vacc;Vacc;Vacc;Vacc;Vacc;Vacc;Vacc;Vacc;Vacc;Vacc;Vacc;Vacc;Vacc;Vacc;Vacc;Vacc;Vacc;Vacc;Vacc;Vacc;Vacc;Vacc;Vacc;Vacc;Vacc;Vacc;Vacc;Vacc;Vacc;Vacc;Vacc;Vacc;Vacc;Vacc;Vacc;Vacc;Vacc;Vacc;Vacc;Vacc;Vacc;Vacc;Vacc;Vacc;Vacc;Vacc;Vacc;Vacc;Vacc;Vacc;Vacc;Vacc;Vacc;Vacc;Vacc;Vacc;Vacc;Vacc;Vacc;Vacc;Vacc;Vacc;Vacc;Vacc;Vacc;Vacc;Vacc;Vacc;Vacc;Vacc;Vacc;Vacc;Vacc;Vacc;Vacc;Vacc;Vacc;Vacc;Vacc;Vacc;Vacc;Vacc;Vacc;Vacc;Vacc;Vacc;Vacc;Vacc;Vacc;Vacc;Vacc;Vacc;Vacc;Vacc;Vacc;Vacc;Vacc;Vacc;Vacc;Vacc;Vacc;Vacc;Vacc;Vacc;Vacc;Vacc;Vacc;Vacc;Vacc;Vacc;Vacc;Vacc;Vacc;Vacc;Vacc;Vacc;Vacc;Vacc;Vacc;Vacc;Vacc;Vacc;Vacc;Vacc;Vacc;Vacc;Vacc;Vacc;Vacc;Vacc;Vacc;Vacc;Vacc;Vacc;Vacc;Vacc;Vacc;Vacc;Vacc;Vacc;Vacc;Vacc;Vacc;Vacc;Vacc;Vacc;Vacc;Vacc;Vacc;Vacc;Vacc;Vacc;Vacc;Vacc;Vacc;Vacc;Vacc;Vacc;Vacc;Vacc;Vacc;Vacc;Vacc;Vacc;Vacc;Vacc;Vacc;Vacc;Vacc;Vacc;Vacc;Vacc;Vacc;Vacc;Vacc;Vacc;Vacc;Vacc;Vacc;Vacc;Vacc;Vacc;Vacc;Vacc;Vacc;Vacc;Vacc;Vacc;Vacc;Vacc;Vacc;Vacc;Vacc;Vacc;Vacc;Vacc;Vacc;Vacc;Vacc;Vacc;Vacc;Vacc;Vacc;Vacc;Vacc;Vacc;Vacc;Vacc;Vacc;Vacc;Vacc;Vacc;Vacc;Vacc;Vacc;Vacc;Vacc;Vacc;Vacc;Vacc;Vacc;Vacc;Vacc;Vacc;Vacc;Vacc;Vacc;Vacc;Vacc;Vacc;Vacc;Vacc;Vacc;Vacc;Vacc;Vacc;Vacc;Vacc;Vacc;Vacc;Vacc;Vacc;Vacc;Vacc;Vacc;Vacc;Vacc;Vacc;Vacc;Vacc;Vacc;Vacc;Vacc;Vacc;Vacc;Vacc;Vacc;Vacc;Vacc;Vacc;Vacc;Vacc;Vacc;Vacc;Vacc;Vacc;Vacc;Vacc;Vacc;Vacc;Vacc;Vacc;Vacc;Vacc;Vacc;Vacc;Vacc;Vacc;Vacc;Vacc;Vacc;Vacc;Vacc;Vacc;Vacc;Vacc;Vacc;Vacc;Vacc;Vacc;Vacc;Vacc;Vacc;Vacc;Vacc;Vacc;Vacc;Vacc;Vacc;Vacc;Vacc;Vacc;Vacc;Vacc;Vacc;Vacc;Vacc;Vacc;Vacc;Vacc;Vacc;Vacc;Vacc;Vacc;Vacc;Vacc;Vacc;Vacc;Vacc;Vacc;Vacc;Vacc;Vacc;Vacc;Vacc;Vacc;Vacc;Vacc;Vacc;Vacc;Vacc;Vacc;Vacc;Vacc;Vacc;Vacc;Vacc;Vacc;Vacc;Vacc;Vacc;Vacc;Vacc;Vacc;Vacc;Vacc;Vacc;Vacc;Vacc;Vacc;Vacc;Vacc;Vacc;Vacc;Vacc;Vacc;Vacc;Vacc;Vacc;Vacc;Vacc;Vacc;Vacc;Vacc;Vacc;Vacc;Vacc;Vacc;Vacc;Vacc;Vacc;Vacc;Vacc;Vacc;Vacc;Vacc;Vacc;Vacc;Vacc;Vacc;Vacc;Vacc;Vacc;Vacc;Vacc;Vacc;Vacc;Vacc;Vacc;Vacc;Vacc;Vacc;
downstair;0.582716;0.577954;0.640627;0.608364;0.572893;0.557152;0.626290;0.617036;0.635014;0.620709;0.656921;0.572836;0.618146;0.531715;0.599781;0.588036;0.659224;0.567956;0.608391;0.548546;0.583612;0.564124;0.544129;0.542267;0.600739;0.580217;0.637069;0.550025;0.641132;0.563562;0.629804;0.634492;0.643860;0.535115;0.533378;0.602793;0.546773;0.596289;0.673088;0.700938;0.601082;0.649149;0.620282;0.589970;0.588102;0.619744;0.589065;0.597375;0.620740;0.539204;0.575334;0.644327;0.619940;0.627547;0.727684;0.674226;0.658420;0.599737;0.637425;0.535508;0.608714;0.555636;0.559452;0.631022;0.577998;0.580740;0.524296;0.611060;0.623997;0.632570;0.616421;0.514617;0.553621;0.583220;0.573595;0.594929;0.597218;0.527721;0.632151;0.543067;0.666832;0.684719;0.623803;0.669507;0.628718;0.624973;0.545048;0.697478;0.670819;0.591972;0.618845;0.566885;0.550827;0.617414;0.625220;0.654079;0.663983;0.571487;0.543746;0.648053;0.624382;0.576872;0.586053;0.596961;0.623621;0.513241;0.616516;0.718802;0.689662;0.687550;0.560227;0.653478;0.646259;0.550325;0.580508;0.668162;0.587773;0.626732;0.619284;0.592296;0.553880;0.625846;0.633213;0.578028;0.716753;0.761701;0.576682;0.569715;0.607525;0.573060;0.597929;0.558147;0.595531;0.606596;0.616856;0.585242;0.632831;0.551364;0.684005;0.596748;0.726491;0.592877;0.561346;0.569505;0.556243;0.673184;0.569711;0.694016;0.515975;0.639452;0.589589;0.562840;0.613045;0.620278;0.656292;0.663561;0.563169;0.549569;0.642922;0.560764;0.613088;0.723746;0.595087;0.579117;0.675584;0.637941;0.637217;0.598738;0.726300;0.622512;0.578501;0.542785;0.602094;0.577331;0.534400;0.715946;0.626776;0.795565;0.677990;0.599552;0.715783;0.630576;0.641817;0.639187;0.546263;0.599053;0.599812;0.661488;0.597968;0.654177;0.730536;0.714549;0.635821;0.693040;0.618123;0.513715;0.587766;0.645858;0.523698;0.682523;0.653255;0.659892;0.684466;0.757566;0.647396;0.563615;0.563724;0.692529;0.595143;0.626369;0.598847;0.644075;0.727000;0.643660;0.645983;0.613316;0.554864;0.596093;0.719966;0.680825;0.694024;0.645425;0.665797;0.611470;0.622970;0.631712;0.619642;0.600304;0.611095;0.702152;0.531853;0.542604;0.574553;0.628052;0.565564;0.594494;0.596177;0.575937;0.575771;0.549792;0.527992;0.626886;0.537708;0.559508;0.551188;0.643491;0.607349;0.595557;0.613584;0.634225;0.555235;0.504343;0.635389;0.592601;0.648041;0.638591;0.591696;0.530263;0.506327;0.561853;0.514977;0.599970;0.548707;0.594462;0.581902;0.539948;0.541976;0.568797;0.578894;0.680477;0.599283;0.560993;0.591280;0.559235;0.570101;0.635360;0.624678;0.654841;0.594967;0.648703;0.598768;0.539068;0.588009;0.588940;0.545746;0.535365;0.561514;0.575432;0.535103;0.571315;0.594821;0.683329;0.583240;0.566470;0.548399;0.628407;0.686180;0.568342;0.564048;0.569014;0.565270;0.667614;0.620215;0.629763;0.563431;0.618783;0.586298;0.530703;0.601463;0.554119;0.587060;0.653166;0.632187;0.506348;0.585655;0.533162;0.587366;0.601720;0.572645;0.513061;0.711668;0.596068;0.630310;0.636894;0.672348;0.653839;0.636719;0.590720;0.664782;0.642181;0.572322;0.563360;0.595105;0.598937;0.626332;0.655356;0.688670;0.607923;0.579119;0.593938;0.557620;0.606111;0.676935;0.672709;0.649439;0.584501;0.556302;0.587824;0.625742;0.598129;0.574205;0.538974;0.642114;0.634666;0.661779;0.619901;0.565387;0.615887;0.579001;0.598449;0.606255;0.606635;0.612477;0.565391;0.597096;0.593152;0.631524;0.623188;0.591709;0.553493;0.621846;0.586182;0.654282;0.604146;0.555447;0.528051;0.553458;0.549453;0.574065;0.579306;0.615967;0.670880;0.604750;0.503060;0.549682;0.676229;0.585436;0.601414;0.651352;0.581001;0.611128;0.611517;0.582303;0.652253;0.602481;0.539923;0.554320;0.607993;0.569737;0.559915;0.562057;0.667502;0.546699;0.615655;0.645199;0.544821;0.691769;0.604456;0.684345;0.602652;0.585612;0.495215;0.519986;0.591200;0.592137;0.576678;0.593002;0.563113;0.541844;0.728475;0.669198;0.589572;0.557144;0.502750;0.461429;0.430332;0.526225;0.571870;0.525527;0.518900;0.532510;0.575195;0.623450;0.535613;0.693283;0.593102;0.588018;0.586065;0.612730;0.488837;0.544542;0.581526;0.492572;0.568105;0.574729;0.685854;0.560965;0.633150;0.634656;0.549168;0.536839;0.483597;0.508351;0.590914;0.593836;0.598221;0.616728;0.600281;0.598497;0.644693;0.586855;0.538351;0.643545;0.598201;0.504082;0.459234;0.521452;0.613233;0.545478;0.482209;0.546093;0.516908;0.680128;0.594532;0.546206;0.647346;0.658481;0.650486;0.595307;0.579306;0.525216;0.563563;0.557884;0.624787;0.570458;0.555279;0.539669;0.496406;0.513681;0.587665;0.593775;0.580414;0.568657;0.713737;0.634739;0.628643;0.580217;0.586557;0.650928;0.620573;0.574494;0.605038;0.673004;0.608051;0.586852;0.678512;0.597087;0.618833;0.612333;0.598385;0.643163;0.688693;0.626183;0.592116;0.510143;0.514158;0.592289;0.601251;0.621068;0.571898;0.612064;0.595919;0.529761;0.602053;0.624697;0.581612;0.581217;0.598689;0.519780;0.573895;0.651095;0.668791;0.535652;0.514956;0.608132;0.565404;0.596417;0.594018;0.593619;0.609420;0.631885;0.675530;0.573701;0.557647;0.475679;0.612707;0.572919;0.586040;0.565407;0.577340;0.605419;0.580637;0.621621;0.644287;0.570585;0.529628;0.570978;0.483235;0.498787;0.546943;0.606007;0.617410;0.601452;0.514404;0.525438;0.596645;0.618736;0.581642;0.600202;0.547397;0.573387;0.612200;0.528776;0.538242;0.555848;0.527375;0.590580;0.693144;0.743400;0.569747;0.606445;0.711489;0.682245;0.600298;0.495428;0.553125;0.503770;0.603776;0.572114;0.552640;0.541222;0.628290;0.585206;0.552235;0.670256;0.612707;0.615593;0.538327;0.471343;0.571150;
downstair;0.382961;0.353062;0.444435;0.397956;0.421677;0.400172;0.624653;0.335657;0.458715;0.391050;0.641751;0.316633;0.493801;0.418636;0.426626;0.381695;0.538383;0.497650;0.593703;0.420071;0.407106;0.418840;0.350917;0.345539;0.479379;0.372122;0.524726;0.273588;0.554280;0.292174;0.529208;0.568635;0.668463;0.354037;0.335585;0.435303;0.331398;0.331577;0.503313;0.525441;0.386605;0.519695;0.527515;0.416619;0.512010;0.399591;0.416107;0.328443;0.484456;0.319650;0.356283;0.562086;0.482483;0.395563;0.797418;0.533983;0.518390;0.390538;0.457981;0.449268;0.506101;0.352416;0.332348;0.490280;0.394307;0.405002;0.392694;0.352358;0.445550;0.437699;0.371364;0.259843;0.622567;0.376292;0.417374;0.533751;0.355796;0.318661;0.428808;0.274664;0.537359;0.507070;0.382994;0.834084;0.549216;0.493570;0.261246;0.523490;0.561493;0.303006;0.560490;0.329655;0.286713;0.366210;0.447538;0.409999;0.593463;0.345554;0.361995;0.575392;0.358100;0.361672;0.366666;0.476432;0.418361;0.319880;0.444258;0.564395;0.503817;0.468509;0.450659;0.461179;0.432843;0.304526;0.494248;0.638291;0.300921;0.367791;0.423896;0.338479;0.335701;0.485945;0.374890;0.406140;0.598402;0.620267;0.324296;0.368428;0.475751;0.360834;0.420431;0.269834;0.396660;0.417863;0.517119;0.309347;0.537258;0.355279;0.509469;0.485435;0.535810;0.333167;0.328504;0.348893;0.312670;0.528266;0.366915;0.660996;0.279379;0.560911;0.337972;0.292046;0.437646;0.372070;0.377723;0.420790;0.348234;0.343570;0.467563;0.300146;0.569180;0.745519;0.433876;0.354688;0.509955;0.462203;0.456986;0.320704;0.628724;0.438825;0.326723;0.355854;0.418001;0.419177;0.287737;0.486613;0.413219;0.644348;0.471251;0.377204;0.579774;0.461180;0.467303;0.449063;0.300131;0.411773;0.451128;0.418641;0.378727;0.525688;0.534443;0.442737;0.472815;0.467655;0.429673;0.249225;0.472329;0.494319;0.346269;0.489690;0.402058;0.443866;0.687055;0.881201;0.429458;0.329579;0.350331;0.442175;0.405324;0.385696;0.319177;0.509272;0.639796;0.396051;0.395923;0.392879;0.326237;0.396094;0.542251;0.369575;0.535877;0.708832;0.570966;0.377690;0.537112;0.392825;0.259745;0.360679;0.450441;0.769726;0.282842;0.415594;0.406286;0.419417;0.418767;0.372994;0.478657;0.431906;0.454218;0.408616;0.316755;0.463721;0.334835;0.434065;0.318019;0.462505;0.378388;0.451695;0.501323;0.438530;0.463415;0.335037;0.701079;0.372996;0.452111;0.441957;0.403856;0.323520;0.369999;0.378558;0.289403;0.563134;0.348537;0.423505;0.421320;0.384482;0.359406;0.321236;0.395852;0.609971;0.424750;0.367161;0.548988;0.337715;0.304308;0.514679;0.439678;0.455663;0.427226;0.515394;0.422942;0.300453;0.382813;0.356731;0.358673;0.484940;0.401876;0.440126;0.330030;0.442706;0.407503;0.812700;0.415585;0.325277;0.358010;0.452492;0.635140;0.392583;0.428710;0.274689;0.487050;0.421858;0.401152;0.387743;0.363098;0.984348;0.571968;0.314655;0.400781;0.371328;0.425742;0.515726;0.491566;0.427420;0.423146;0.344146;0.307375;0.373457;0.472315;0.282721;1.212560;0.469996;0.393877;0.386431;0.389068;0.480268;0.463231;0.380087;0.480270;0.698479;0.349047;0.365569;0.411153;0.435350;0.379080;0.477828;0.533392;0.364539;0.349310;0.352561;0.345648;0.420103;0.495219;0.626760;0.369407;0.389418;0.372943;0.480079;0.505635;0.502799;0.324918;0.343444;0.603007;0.402303;0.570617;0.546784;0.331082;0.470435;0.459665;0.367644;0.456008;0.542350;0.423937;0.355888;0.451889;0.356434;0.479827;0.454316;0.388874;0.378249;0.488681;0.348447;0.544249;0.430957;0.356787;0.328785;0.336164;0.388698;0.337843;0.301497;0.474047;0.696976;0.362962;0.288351;0.377694;0.532727;0.359130;0.292281;0.630697;0.333493;0.319534;0.335279;0.491186;0.504943;0.442916;0.306334;0.370591;0.494587;0.344821;0.474045;0.468017;0.543354;0.335343;0.294203;0.424249;0.334684;0.614374;0.409569;0.535443;0.434863;0.343730;0.271651;0.373848;0.423268;0.437852;0.336081;0.385607;0.389309;0.337753;0.752271;0.415887;0.450213;0.338905;0.287291;0.251177;0.239288;0.299388;0.361951;0.388104;0.277482;0.332343;0.379312;0.376905;0.331271;0.687387;0.357717;0.379161;0.371966;0.406792;0.238055;0.369872;0.379997;0.326615;0.389767;0.427524;0.547697;0.350290;0.455686;0.868967;0.316321;0.332655;0.289278;0.353411;0.465742;0.404223;0.437982;0.382182;0.618498;0.440923;0.525109;0.390763;0.277822;0.989473;0.480410;0.382163;0.257333;0.431990;0.461837;0.394670;0.275769;0.438715;0.256509;0.472698;0.485324;0.388678;0.493435;0.466512;0.578975;0.542450;0.524003;0.258958;0.331854;0.378515;0.605280;0.672010;0.367917;0.369989;0.290926;0.359721;0.360355;0.338694;0.364375;0.299708;0.670344;0.550270;0.428159;0.482155;0.423363;0.592669;0.511013;0.331886;0.390555;0.426130;0.468249;0.366907;0.479240;0.471528;0.387592;0.496293;0.441135;0.444466;0.550123;0.450121;0.424891;0.232735;0.299324;0.454687;0.427420;0.415196;0.407830;0.416409;0.558562;0.365061;0.378094;0.371988;0.293922;0.488321;0.347406;0.310336;0.328863;0.369667;0.694970;0.364019;0.365052;0.502902;0.398688;0.610750;0.467414;0.353934;0.339530;0.342831;0.575014;0.575677;0.349637;0.262594;0.499640;0.312321;0.362095;0.363512;0.332074;0.395267;0.347199;0.353952;0.445899;0.462633;0.425839;0.398212;0.246174;0.303441;0.300773;0.417912;0.466375;0.440175;0.298355;0.382041;0.469716;0.423863;0.407146;0.353443;0.294578;0.326171;0.416073;0.353370;0.309992;0.362032;0.314308;0.410453;0.479633;0.568908;0.321119;0.438277;0.818574;0.553478;0.435797;0.290514;0.401577;0.285941;0.456976;0.430135;0.334136;0.353285;0.494979;0.386148;0.318690;0.676497;0.341872;0.426330;0.383494;0.332756;0.310353;
downstair;0.599536;
jogging;0.867374;0.899552;0.903005;0.824253;0.890648;0.871560;0.884881;0.854657;0.980162;0.941259;0.906815;0.863970;0.947956;0.881262;0.882141;0.861940;0.971401;0.835143;0.964945;0.944201;0.902940;0.930386;0.917689;0.879592;0.940657;0.860153;0.946411;0.978283;0.966243;0.816626;0.947454;0.968418;1.002741;0.864304;0.849362;0.972587;0.987515;0.948053;1.011101;0.926893;0.951898;0.968224;1.041583;0.930784;0.874640;0.848806;0.930663;1.002207;0.906933;0.881958;0.925422;1.024557;0.936243;0.911026;1.016141;0.989422;0.962901;0.887915;0.972254;0.889088;1.014114;0.884380;0.917259;0.973800;0.891490;0.929573;0.882576;1.012340;0.962980;0.926290;1.033452;0.818750;0.960298;0.933827;0.895001;0.882189;0.880309;0.912434;1.127758;0.905336;0.906419;1.002912;0.955353;0.980275;0.882365;0.964254;0.993166;0.989146;1.100471;0.941598;0.999430;0.879662;0.906557;0.943477;0.970077;0.981937;1.056088;0.911738;0.889763;0.870927;0.985569;0.934591;0.879185;0.871769;1.083611;0.967220;0.867447;1.034235;1.029947;0.984137;0.794104;1.007121;1.030206;0.841701;0.865814;1.061291;0.884387;0.853760;1.033964;0.948583;0.949085;1.006717;1.001770;0.970641;0.974604;1.024051;0.944172;0.935997;0.921115;0.970457;0.976114;0.910196;0.862404;0.950946;0.943296;0.899454;0.930368;0.912966;1.104318;0.894223;0.923944;0.967991;0.966369;0.997639;0.876367;0.993989;0.951260;1.041018;0.888691;0.993554;0.872367;0.929505;0.922082;0.913928;1.028575;0.943743;0.900986;0.962052;0.909534;0.832297;1.015756;1.065553;0.995986;0.910132;1.015899;0.975829;0.896097;0.914620;1.063514;0.954742;0.889598;0.868543;0.888112;0.879991;0.861248;1.049781;0.920548;0.972375;0.997801;1.049777;0.982311;0.886415;0.881241;0.911297;0.907825;0.918513;0.938987;1.009554;0.828130;0.907844;1.016747;0.896474;0.929082;0.974896;0.968660;0.891468;0.934616;1.014238;0.806006;0.917859;0.929552;0.917318;0.956308;0.947825;0.885665;0.831921;0.910320;0.962442;0.844976;0.897498;0.952869;0.968569;0.955612;1.033825;0.937934;0.917306;0.983576;0.855007;0.951780;0.982117;1.028014;0.967044;0.903161;0.957993;1.031426;0.925880;0.858185;0.940976;1.069733;0.874548;0.906747;0.919664;0.952828;0.910010;0.892217;1.036738;0.884021;0.856578;0.867018;0.913632;0.810041;0.937432;0.909111;0.918595;0.844812;0.922039;0.956393;0.951612;0.919299;0.977148;0.914077;0.890497;0.900078;0.885502;1.000787;0.919529;0.871658;0.857555;0.903606;0.928192;0.849894;0.884414;1.030409;0.854873;0.867581;0.855447;0.867257;0.883174;1.026533;0.993783;0.891503;0.947707;0.841148;1.055980;0.847063;0.885259;0.925155;0.966680;0.902639;0.974533;0.944092;1.006797;0.944194;0.899498;0.902850;0.769604;0.978327;0.891618;0.914396;0.962673;0.939632;0.970946;1.010127;0.867112;0.877231;0.889695;0.941168;1.000747;0.930334;0.911542;0.961144;0.912879;0.943299;0.907101;0.901321;0.858809;1.000846;0.835651;0.925436;0.867928;0.915988;1.005350;0.960518;0.925408;0.880860;0.990922;0.939876;0.996400;0.922822;0.862077;1.081265;0.891769;0.975411;0.974525;0.918991;1.056281;1.029954;0.913670;0.974741;0.937709;1.012882;0.949956;0.909071;0.935946;0.956477;0.890786;1.100203;0.861582;0.858703;0.945479;0.936511;0.974558;1.053893;0.942506;0.978996;0.958815;0.848352;0.963542;1.039565;1.022121;0.922088;0.934271;1.005449;0.927745;0.909986;0.934909;0.872035;1.018501;0.922448;1.067712;1.007884;0.899615;0.971693;0.972050;0.834537;0.999104;1.056406;1.035300;0.908975;0.926944;1.004256;0.905880;0.977880;0.920771;0.927684;0.872007;1.027050;0.922255;0.997832;0.915938;0.949140;0.966704;0.869189;0.900132;0.886383;0.998437;0.979684;0.938071;1.033404;0.914696;1.038815;0.883342;0.943777;0.953624;0.883117;0.862872;0.955752;0.948059;0.926347;0.875771;0.897332;1.001890;0.817023;1.063462;0.910935;1.000802;0.994281;0.921576;1.010595;0.995384;0.873978;0.861265;0.935400;0.904116;0.991559;0.904044;0.928563;0.892104;0.990392;0.993137;1.016761;0.941605;0.898553;0.998231;0.765719;0.803230;0.843376;0.981068;0.866718;0.812614;0.947294;0.951344;0.987693;0.950405;1.002335;0.836969;0.985445;0.928750;0.932192;0.913719;0.820604;1.031630;0.850917;0.892546;0.916971;0.959672;0.862084;0.997874;1.012308;0.852077;0.852605;0.902719;0.925503;1.021798;0.932974;1.103187;0.936801;0.919405;0.897568;0.956968;0.857973;0.884762;0.958545;0.946288;0.913851;0.871343;0.869051;0.965340;0.943757;0.820640;0.895019;0.972292;1.050411;0.924229;0.915711;0.959978;0.970826;0.945585;0.898242;0.990887;0.856657;0.926415;0.936143;0.894192;0.874470;0.938835;0.869687;0.876062;0.876759;0.960291;1.006560;0.869667;0.918438;1.073485;0.970399;0.880567;0.954768;0.989411;0.924010;0.858246;0.936587;0.954005;1.039130;0.975265;0.898001;1.004406;0.996323;0.923275;0.991990;0.919611;0.882877;1.002737;0.999545;0.874932;0.886003;0.851578;0.884831;1.026337;0.953744;0.966702;0.937941;0.938939;0.932727;0.926613;1.033471;0.915108;0.953047;0.960270;0.949338;1.017126;0.973175;1.067615;0.856174;0.856527;0.917816;0.944935;0.932424;0.894755;0.974921;0.952931;0.995613;1.016746;0.909836;0.809849;0.891698;0.980939;0.894048;0.996614;0.954893;0.967542;0.894478;0.907646;0.961977;0.927751;0.964412;0.913312;0.876517;0.828926;0.963187;0.850033;0.884249;0.992275;0.937317;0.892134;0.901507;0.920106;1.026766;0.881881;0.830410;0.900560;0.911851;1.001213;0.867335;0.906314;0.961445;0.894815;0.960686;1.023122;1.078887;0.878075;1.001987;0.962837;1.006044;0.928653;0.946625;0.917101;0.806378;0.903383;0.940442;0.971219;0.931861;0.958519;0.917442;0.888385;0.944469;1.015728;0.880154;0.866953;0.903902;0.996384;
jogging;0.729032;0.774010;0.796156;0.574544;0.847307;0.789943;0.762493;0.601075;0.917862;1.023286;0.814019;0.731430;0.936610;0.833965;0.659081;0.761084;0.835975;0.755686;0.973434;0.876952;0.693645;0.958914;0.950010;0.687745;0.741803;0.647797;0.799897;1.002924;0.883246;0.651949;0.891649;0.941349;0.846802;0.667511;0.662128;0.803894;1.049866;0.726722;0.819920;0.686570;0.732746;0.919354;0.905816;0.758105;0.719722;0.640839;0.891145;0.964259;0.865389;0.920891;0.693915;0.797712;0.810249;0.736692;0.881864;0.678755;0.725154;0.716545;0.730815;0.775666;1.051919;0.665124;0.708783;0.815599;0.679339;0.833194;0.770650;0.925784;0.711744;0.653656;0.886709;0.581758;0.859680;0.843625;0.803849;0.753569;0.629523;0.718391;1.090287;0.704748;0.712818;0.799238;0.743483;0.985522;0.671266;0.863019;0.787292;0.685289;1.265926;0.772407;0.899585;0.586324;0.700953;0.966344;0.708538;0.726308;0.928829;0.719315;0.754850;0.678704;0.807312;0.834707;0.759475;0.687053;0.941434;1.007775;0.676899;0.779056;0.758188;0.756888;0.553742;0.887663;0.791705;0.629163;0.744260;0.932523;0.650143;0.589316;1.020960;0.741042;0.841540;0.939354;0.884741;0.805862;0.838670;0.856351;0.701291;0.783319;0.851927;0.853704;0.775835;0.768485;0.642052;0.678253;0.823966;0.607646;0.781501;0.882348;0.969650;0.835309;0.635320;0.862330;0.776117;0.928399;0.735326;0.789407;0.809810;1.040627;0.745911;0.931630;0.688512;0.804231;0.777803;0.637474;0.817271;0.782351;0.713867;1.061933;0.620852;0.548906;0.868006;0.896520;0.867043;0.675607;0.797816;0.736129;0.634559;0.777427;0.832079;0.706916;0.869876;0.692574;0.742666;0.723355;0.712489;0.808065;0.675811;0.719102;0.846951;0.917761;0.672893;0.687067;0.643796;0.642086;0.772007;0.798944;0.749146;0.814644;0.593555;0.710199;0.823093;0.575112;0.741032;0.676872;0.890128;0.782843;0.774028;0.855602;0.613721;0.642970;0.701537;0.606877;0.754457;0.823504;0.631920;0.601131;0.718715;0.781044;0.625479;0.719936;0.736377;0.777285;0.743250;0.892796;0.642436;0.726268;0.891955;0.598495;0.716742;0.843333;0.767012;0.935625;0.724718;0.833652;0.954120;0.795370;0.619847;0.745359;0.975759;0.733834;0.876879;0.779144;0.769041;0.629343;0.685631;1.082490;0.612755;0.695677;0.678299;0.763463;0.586989;0.735108;0.728502;0.810237;0.630553;0.726713;0.686760;1.003296;0.772438;0.835578;0.677441;0.740748;0.754027;0.643648;0.824125;0.734048;0.684546;0.715964;0.872088;0.677404;0.579628;0.750809;1.068814;0.714987;0.672851;0.659924;0.697128;0.717254;0.970740;0.807461;0.647432;0.740526;0.697959;1.044945;0.629670;0.751731;0.684048;0.742947;0.717433;0.846892;0.759950;1.128377;0.788143;0.629409;0.742134;0.706687;0.996041;0.739820;0.869066;1.004421;0.811315;0.884345;1.024693;0.734998;0.640339;0.698584;0.764100;1.025848;0.801990;0.871742;0.865790;0.647205;0.789818;0.628741;0.829355;0.930907;1.003529;0.601262;0.657533;0.807395;0.782789;0.844169;0.747878;0.824393;0.826466;1.006001;0.698506;0.879231;0.821846;0.716435;1.281197;0.660559;0.764143;0.803805;0.582663;0.883782;0.934132;0.659729;0.785546;0.862871;0.833476;0.708448;0.632178;0.821539;0.700185;0.639181;1.061115;0.803238;0.612661;0.781023;1.001879;0.790525;1.068137;0.730779;0.797819;0.822329;0.790827;0.840724;0.897335;0.920438;0.724448;0.780890;0.867973;0.645005;0.663962;0.812020;0.678105;0.993421;0.801646;1.016084;0.871877;0.735387;0.710765;0.923842;0.630778;0.775683;0.910189;1.021548;0.624961;0.858782;0.823993;0.734268;0.807966;0.669443;0.853853;0.769482;1.065472;0.917117;0.930256;0.630029;0.817058;0.842720;0.572266;0.858792;0.858104;0.754766;0.885961;0.718320;0.980170;0.688929;0.924276;0.638713;0.838705;0.785966;0.622933;0.724625;0.922631;0.728707;0.749290;0.686151;0.675812;0.848744;0.586352;1.049507;0.657369;0.967519;0.884870;0.722466;0.761911;0.820972;0.763548;0.741301;0.808380;0.751487;0.981963;0.787573;0.678816;0.836368;0.909862;0.787465;0.814244;0.772621;0.705151;1.138618;0.602743;0.685347;0.612777;0.992838;0.797915;0.568597;0.756571;0.741561;0.946117;0.795797;0.808225;0.522359;0.786512;0.718616;0.622315;0.874959;0.663631;0.878262;0.709116;0.735009;0.878725;0.691582;0.640998;0.948719;1.058211;0.579466;0.598917;0.858417;0.798407;0.906323;0.706664;1.039889;0.605677;0.754663;0.761576;0.794765;0.618904;0.708876;0.961052;0.820674;0.716319;0.958810;0.687577;0.796419;0.824351;0.658871;0.826466;0.961345;0.810557;0.791195;0.688591;0.742198;0.762658;1.081419;0.746026;0.979273;0.704887;0.793194;0.721978;0.705687;0.771870;0.713871;0.685186;0.840551;0.795126;0.864670;0.895237;0.658100;0.671824;0.859356;0.761536;0.708212;0.932704;0.858219;0.668181;0.625763;0.752908;0.651071;0.894687;0.738329;0.652813;0.768837;1.007585;0.702051;0.746973;0.750643;0.573872;0.856302;0.794655;0.728901;0.834514;0.648478;0.718028;0.900780;0.654734;0.755930;0.754211;0.777814;0.845970;0.761467;0.883266;0.680298;0.882462;0.766982;1.045724;0.951231;0.879399;1.007643;0.637999;0.669845;0.702362;0.786509;0.819445;0.666827;0.744156;0.843571;0.877724;0.885790;0.872386;0.567865;0.885425;0.843701;0.723988;0.920201;0.885643;0.789137;0.597589;0.656883;0.628880;0.622361;0.748554;0.822831;0.689614;0.658201;0.892621;0.571608;0.590227;0.943882;0.686218;0.714657;0.939961;0.782120;0.694225;0.673621;0.551997;0.706805;0.676511;0.762740;0.639668;0.908951;0.946155;0.755126;0.824111;0.776276;0.933167;0.667995;0.752741;0.846918;0.971371;0.799489;0.832984;0.807719;0.583158;0.648300;0.712294;0.739269;0.770323;0.930902;0.715127;0.679645;0.729439;0.794714;0.584481;0.752447;0.716889;0.779697;
jogging;1.435305;
sit down;0.639926;0.661278;0.661208;0.603894;0.653077;0.639506;0.648589;0.634799;0.724127;0.690284;0.666326;0.634586;0.693159;0.645189;0.646315;0.630924;0.707996;0.610483;0.704423;0.689889;0.660230;0.679806;0.669390;0.643917;0.689044;0.629656;0.692159;0.715715;0.709081;0.599718;0.693801;0.712677;0.732129;0.634733;0.623679;0.710552;0.720593;0.692118;0.734337;0.674232;0.692196;0.703921;0.758943;0.679212;0.639205;0.621295;0.682682;0.731191;0.664924;0.647483;0.679648;0.747271;0.683052;0.664693;0.740327;0.719242;0.699276;0.645467;0.707300;0.646240;0.735057;0.641634;0.665984;0.706654;0.647189;0.674358;0.639036;0.733411;0.697728;0.671238;0.748064;0.593590;0.695220;0.675354;0.648221;0.639566;0.637382;0.660854;0.815233;0.655669;0.656391;0.725112;0.691138;0.709831;0.639321;0.697924;0.717924;0.714956;0.795820;0.681167;0.723023;0.637212;0.655821;0.684024;0.702763;0.709592;0.763194;0.660718;0.644522;0.630525;0.713671;0.677417;0.638239;0.631736;0.782359;0.700032;0.628373;0.748607;0.745060;0.712901;0.577273;0.729981;0.746575;0.610270;0.629706;0.768043;0.641251;0.618911;0.747696;0.686863;0.687367;0.729144;0.725079;0.702516;0.705191;0.741182;0.683761;0.678764;0.668583;0.701172;0.706514;0.658798;0.623859;0.687815;0.682330;0.650818;0.672812;0.659972;0.796967;0.647202;0.668794;0.700114;0.698870;0.720682;0.634067;0.718382;0.687997;0.752743;0.643506;0.718149;0.630157;0.671400;0.666437;0.661320;0.742838;0.682974;0.652760;0.696211;0.659531;0.603567;0.733746;0.770202;0.720254;0.659332;0.735026;0.705649;0.648014;0.661517;0.768106;0.689847;0.643586;0.628043;0.642308;0.637006;0.623420;0.758358;0.665462;0.703111;0.720544;0.758143;0.709961;0.641480;0.637604;0.659656;0.657160;0.664157;0.678610;0.729969;0.599578;0.656903;0.735104;0.648564;0.672005;0.705183;0.700377;0.644969;0.677130;0.735212;0.584040;0.665214;0.672837;0.665023;0.692386;0.686869;0.642882;0.602211;0.661181;0.696591;0.612655;0.649126;0.689936;0.700245;0.691716;0.747264;0.678371;0.663455;0.710812;0.618481;0.688416;0.710069;0.742763;0.697361;0.651372;0.690039;0.742555;0.667149;0.619079;0.678079;0.770234;0.631097;0.653851;0.663336;0.688399;0.656721;0.643126;0.746980;0.637978;0.617649;0.625129;0.658610;0.585154;0.675828;0.655677;0.662428;0.610857;0.665620;0.690030;0.685643;0.663791;0.706371;0.660327;0.643142;0.649801;0.639126;0.721283;0.663223;0.629375;0.619601;0.653077;0.669527;0.613919;0.638973;0.743128;0.617042;0.626146;0.617748;0.626283;0.638150;0.741262;0.717509;0.643955;0.683477;0.607237;0.760241;0.610102;0.637397;0.665419;0.694693;0.650410;0.701270;0.678254;0.722129;0.677481;0.645646;0.648149;0.553067;0.701704;0.640249;0.655982;0.690356;0.673719;0.696050;0.724437;0.622814;0.629662;0.639102;0.675352;0.717900;0.667644;0.654432;0.689963;0.654406;0.676489;0.650087;0.646146;0.616162;0.717709;0.600636;0.663620;0.623614;0.657003;0.721614;0.689837;0.664964;0.633289;0.710467;0.675332;0.715669;0.662492;0.619681;0.775813;0.641466;0.700848;0.699794;0.659793;0.757491;0.738912;0.657049;0.704153;0.677809;0.729374;0.683784;0.653442;0.672321;0.686843;0.640964;0.789821;0.619737;0.619374;0.680996;0.676789;0.704825;0.758197;0.678773;0.703412;0.688792;0.609568;0.691697;0.746587;0.731824;0.660638;0.667497;0.718187;0.662246;0.650791;0.667853;0.624456;0.727714;0.659670;0.762655;0.719548;0.642130;0.693452;0.693509;0.597202;0.714875;0.754942;0.739795;0.650642;0.662705;0.717012;0.647623;0.698382;0.657883;0.662893;0.622929;0.732443;0.657880;0.712041;0.653976;0.677978;0.689684;0.621540;0.642765;0.631670;0.710347;0.697628;0.668617;0.734842;0.650962;0.739113;0.629222;0.671983;0.678760;0.629510;0.615478;0.679465;0.673758;0.659094;0.622689;0.637416;0.713086;0.583114;0.755415;0.646910;0.710330;0.705431;0.654191;0.714144;0.704624;0.619733;0.610491;0.661882;0.639944;0.700995;0.639547;0.656699;0.631786;0.700495;0.702141;0.719756;0.666873;0.635729;0.705687;0.543200;0.568512;0.597435;0.695138;0.614903;0.576812;0.671539;0.673550;0.697027;0.669982;0.706283;0.590837;0.694574;0.654866;0.657140;0.644633;0.579563;0.727796;0.601155;0.630253;0.647905;0.677339;0.608761;0.703787;0.714048;0.600614;0.600564;0.633610;0.649459;0.715513;0.654218;0.772702;0.657537;0.645858;0.630047;0.671393;0.602148;0.621065;0.670212;0.660817;0.637168;0.608369;0.604450;0.670189;0.655832;0.570994;0.621958;0.675190;0.729203;0.643285;0.637685;0.667096;0.674852;0.656752;0.624436;0.687790;0.595719;0.642358;0.648268;0.620371;0.606497;0.650995;0.599945;0.604823;0.605353;0.663279;0.693565;0.597965;0.631392;0.736865;0.664601;0.603745;0.653041;0.676366;0.632290;0.588462;0.641656;0.653057;0.710207;0.666857;0.614594;0.686403;0.681143;0.632116;0.679010;0.629490;0.604808;0.686092;0.683589;0.599172;0.606560;0.583461;0.606407;0.702418;0.652861;0.661576;0.642043;0.642496;0.637990;0.634503;0.706894;0.626599;0.652395;0.656992;0.650191;0.693337;0.663852;0.727345;0.584445;0.584333;0.625712;0.644800;0.636066;0.608460;0.662516;0.647311;0.675795;0.690451;0.619061;0.551650;0.606068;0.665860;0.607202;0.676781;0.649085;0.654798;0.606257;0.616245;0.651855;0.629262;0.652543;0.618840;0.595188;0.559913;0.649785;0.574388;0.595251;0.667437;0.630422;0.599864;0.606066;0.618856;0.689040;0.592487;0.558937;0.605599;0.614086;0.673423;0.583894;0.606461;0.643030;0.596970;0.637533;0.678014;0.714723;0.582950;0.664394;0.638329;0.666699;0.616638;0.628395;0.606052;0.533064;0.597280;0.621106;0.641483;0.614934;0.630255;0.604011;0.584593;0.620644;0.666852;0.579009;0.570564;0.595100;0.655428;
sit down;0.716655;0.758114;0.776726;0.600320;0.811558;0.764648;0.747892;0.624639;0.880604;0.954913;0.789281;0.719857;0.891382;0.800559;0.673417;0.742693;0.823128;0.733423;0.923221;0.846322;0.703658;0.905126;0.896690;0.693399;0.745733;0.660518;0.789456;0.947056;0.853461;0.651919;0.856833;0.896814;0.837105;0.674872;0.667408;0.799121;0.985865;0.738935;0.822725;0.707400;0.745982;0.885286;0.889792;0.757316;0.716100;0.653119;0.852626;0.924162;0.828966;0.865531;0.708357;0.808145;0.796418;0.737556;0.866997;0.718388;0.744097;0.719447;0.749473;0.762539;0.995670;0.683455;0.721649;0.811446;0.694670;0.814545;0.759275;0.901269;0.736149;0.686724;0.877852;0.609449;0.841670;0.824610;0.786179;0.746150;0.658773;0.728552;1.049033;0.717244;0.723246;0.808678;0.757388;0.939314;0.687846;0.845131;0.797995;0.726356;1.176847;0.774626;0.879991;0.629153;0.715513;0.916905;0.735881;0.752692;0.914573;0.728847;0.749253;0.690687;0.809444;0.817121;0.749135;0.696285;0.930559;0.953734;0.688273;0.801490;0.786303;0.773135;0.582664;0.871938;0.808637;0.648055;0.734893;0.917739;0.673441;0.623808;0.977590;0.753512;0.825801;0.910382;0.869497;0.805272;0.829977;0.853991;0.724591;0.780405;0.826545;0.840670;0.785089;0.764250;0.663373;0.711102;0.812284;0.649417;0.778715;0.848994;0.956049;0.809541;0.674345;0.845862;0.783355;0.901573;0.732666;0.799807;0.803922;0.993806;0.742764;0.902772;0.699179;0.795564;0.774431;0.673365;0.828383;0.782079;0.722460;0.994106;0.659875;0.590772;0.861511;0.893301;0.855752;0.698238;0.810556;0.757563;0.667084;0.772060;0.847358;0.732436;0.834442;0.700562;0.740891;0.724662;0.712497;0.826938;0.701911;0.744901;0.842333;0.905514;0.716237;0.700587;0.669264;0.675614;0.766162;0.788656;0.757977;0.821188;0.620671;0.722192;0.828965;0.627031;0.749381;0.716379;0.866588;0.770552;0.773366;0.850356;0.628670;0.677321;0.721421;0.652970;0.765041;0.812167;0.660840;0.626974;0.727655;0.785512;0.646391;0.726837;0.751461;0.784872;0.756963;0.883213;0.683355;0.736087;0.871431;0.631558;0.737876;0.835403;0.792710;0.899398;0.731424;0.823107;0.927800;0.787842;0.646896;0.755668;0.952045;0.730835;0.843023;0.774163;0.774069;0.666791;0.701528;1.024263;0.648621;0.699730;0.690010;0.761799;0.611198;0.747324;0.735523;0.796533;0.649721;0.736936;0.718119;0.947493;0.768708;0.827036;0.700133;0.739108;0.751092;0.670007;0.825904;0.741946;0.694761;0.713453;0.837877;0.704530;0.616648;0.744746;1.012173;0.712597;0.685785;0.673430;0.702527;0.720341;0.937333;0.811311;0.673703;0.753459;0.697101;0.998435;0.650092;0.745662;0.708284;0.760140;0.724994;0.835144;0.764936;1.051331;0.785586;0.663775;0.742728;0.686135;0.945617;0.738285;0.837710;0.948842;0.801499;0.861658;0.973636;0.728929;0.665356;0.708526;0.767742;0.972468;0.792172;0.838724;0.845277;0.680120;0.786846;0.666285;0.806025;0.872617;0.955962;0.627150;0.690232;0.781592;0.775337;0.839869;0.760604;0.806634;0.798092;0.955847;0.720897;0.862675;0.804646;0.714155;1.182196;0.681833;0.775400;0.803533;0.638069;0.880712;0.910731;0.687038;0.789161;0.836005;0.832756;0.729448;0.667372;0.807076;0.726572;0.666699;1.019065;0.776689;0.639581;0.779379;0.938941;0.791863;1.013808;0.742891;0.800042;0.812856;0.765109;0.827587;0.885627;0.898102;0.734206;0.776674;0.855653;0.681519;0.688571;0.799105;0.688018;0.949857;0.788254;0.977220;0.859302;0.736585;0.737748;0.889360;0.646143;0.788030;0.897541;0.974144;0.661441;0.830829;0.824306;0.736486;0.806452;0.695613;0.827622;0.754030;1.006185;0.873846;0.899579;0.668177;0.806100;0.829198;0.616292;0.825566;0.821162;0.774654;0.862358;0.733127;0.943655;0.707772;0.903935;0.664874;0.820116;0.784974;0.653766;0.718780;0.882690;0.742612;0.750924;0.694689;0.693499;0.839245;0.609569;0.999548;0.684657;0.926133;0.864788;0.732196;0.782700;0.818770;0.748389;0.729720;0.795704;0.747800;0.934579;0.773646;0.704282;0.805576;0.881479;0.795534;0.819319;0.771485;0.714320;1.053052;0.608803;0.676898;0.636307;0.939449;0.771243;0.597397;0.761205;0.752426;0.906178;0.790339;0.812059;0.575356;0.792596;0.731158;0.667744;0.838222;0.665087;0.867653;0.704207;0.732717;0.840965;0.720336;0.660140;0.910601;0.994197;0.615526;0.628879;0.822056;0.784438;0.884838;0.723125;0.999197;0.656985;0.751751;0.751641;0.789600;0.643700;0.711737;0.908631;0.805486;0.723691;0.887340;0.691781;0.791894;0.805577;0.659681;0.795656;0.910432;0.823468;0.776927;0.704029;0.752914;0.769570;0.993327;0.739627;0.927693;0.700680;0.778535;0.732741;0.709845;0.750945;0.727337;0.690305;0.799971;0.767773;0.836427;0.870111;0.671633;0.694059;0.861678;0.767432;0.707435;0.883238;0.839268;0.693471;0.646470;0.752591;0.690723;0.876955;0.754141;0.676111;0.782599;0.946527;0.715299;0.763789;0.747118;0.620701;0.840789;0.798174;0.720654;0.797152;0.660017;0.715399;0.877289;0.693014;0.763095;0.754272;0.770770;0.816645;0.756103;0.867224;0.698612;0.846766;0.768989;0.963479;0.909863;0.848609;0.961801;0.654022;0.675536;0.713969;0.777276;0.796967;0.683253;0.756431;0.818311;0.852837;0.863409;0.827485;0.594441;0.833100;0.825719;0.721715;0.882430;0.847805;0.784157;0.638179;0.678948;0.677927;0.663219;0.756318;0.792964;0.691856;0.658507;0.853060;0.608159;0.629590;0.894483;0.706270;0.712710;0.871301;0.765192;0.738534;0.683224;0.589907;0.709697;0.692215;0.773808;0.656149;0.849559;0.888687;0.739183;0.802458;0.788456;0.907275;0.676948;0.767006;0.818884;0.915228;0.777347;0.804708;0.779424;0.601892;0.671064;0.722968;0.748933;0.758901;0.873355;0.717221;0.686445;0.734904;0.797461;0.624579;0.728489;0.714632;0.781332;
sit down;0.024635;
stand up;0.509202;0.525968;0.525178;0.480887;0.520829;0.509422;0.517241;0.504590;0.574453;0.548511;0.528364;0.502780;0.548143;0.511641;0.512849;0.500377;0.560860;0.484983;0.558877;0.547812;0.524394;0.540626;0.532536;0.513077;0.546498;0.500248;0.549257;0.571691;0.561654;0.478795;0.550720;0.566290;0.580244;0.503179;0.495515;0.563619;0.569613;0.547335;0.581506;0.535991;0.547765;0.557559;0.600731;0.537801;0.506924;0.493189;0.541326;0.578711;0.526127;0.511318;0.536631;0.590029;0.541194;0.525323;0.584185;0.567940;0.553258;0.510283;0.558254;0.511150;0.579734;0.507406;0.527478;0.560499;0.511988;0.532539;0.505051;0.578731;0.550673;0.530813;0.590840;0.470783;0.549929;0.534513;0.513262;0.506615;0.505072;0.523615;0.643589;0.520666;0.519486;0.573031;0.545992;0.561848;0.505559;0.551480;0.567733;0.564036;0.628722;0.539157;0.572664;0.505449;0.519558;0.541066;0.555789;0.560349;0.600376;0.520915;0.509533;0.499212;0.563442;0.534128;0.504277;0.499514;0.617932;0.553529;0.496705;0.590194;0.586285;0.562088;0.456688;0.575821;0.588397;0.482116;0.498646;0.605079;0.506434;0.489308;0.588853;0.541539;0.541919;0.574515;0.571596;0.553389;0.555943;0.584284;0.538371;0.534852;0.527685;0.552649;0.556078;0.519108;0.492398;0.542567;0.538699;0.513951;0.530697;0.521155;0.628270;0.511455;0.527568;0.551195;0.551313;0.568597;0.501255;0.566982;0.542209;0.593328;0.508416;0.566481;0.498256;0.529863;0.526649;0.523995;0.587541;0.541882;0.518481;0.550712;0.522601;0.481407;0.580061;0.608776;0.569742;0.521341;0.579699;0.557454;0.511997;0.522188;0.606137;0.544920;0.508775;0.496397;0.509558;0.503594;0.493079;0.598201;0.525064;0.554542;0.568066;0.598419;0.559897;0.506314;0.503284;0.520641;0.518332;0.523368;0.535246;0.575006;0.473841;0.519337;0.580696;0.512738;0.531247;0.555922;0.551824;0.508567;0.533800;0.579260;0.462340;0.525004;0.530055;0.525110;0.546792;0.543682;0.509424;0.477786;0.522158;0.549966;0.484615;0.513034;0.545107;0.553445;0.545268;0.588270;0.534212;0.522808;0.559882;0.488266;0.543318;0.560608;0.586593;0.550946;0.514680;0.545001;0.586207;0.526506;0.489359;0.533442;0.607160;0.498999;0.517840;0.524817;0.543044;0.518473;0.508296;0.588543;0.504437;0.488927;0.494454;0.520706;0.465118;0.534095;0.518077;0.523206;0.482800;0.525020;0.543206;0.540308;0.523389;0.557626;0.521922;0.508146;0.513189;0.504611;0.569364;0.524248;0.498661;0.490864;0.516692;0.529940;0.485559;0.504982;0.588790;0.491917;0.498436;0.489737;0.496657;0.505646;0.584712;0.565806;0.509502;0.540046;0.481720;0.599950;0.482839;0.503493;0.524651;0.548595;0.514472;0.552964;0.534159;0.568209;0.532868;0.508869;0.509931;0.436407;0.552335;0.505093;0.516704;0.542872;0.529089;0.547451;0.569506;0.490854;0.495449;0.503029;0.531205;0.564196;0.526072;0.515841;0.543757;0.515893;0.533911;0.512008;0.508399;0.486099;0.565211;0.473738;0.522285;0.491099;0.517405;0.567756;0.542117;0.522823;0.498832;0.559638;0.532334;0.563265;0.522489;0.489003;0.608635;0.504423;0.550813;0.550266;0.518595;0.593888;0.580273;0.517249;0.553755;0.534000;0.574471;0.539028;0.514625;0.529160;0.540168;0.504463;0.619301;0.488187;0.488008;0.535205;0.531556;0.552809;0.594549;0.532815;0.552334;0.540720;0.480044;0.543703;0.586454;0.574329;0.518140;0.524282;0.564546;0.521387;0.511148;0.525121;0.491529;0.571518;0.518082;0.597309;0.563847;0.504046;0.544741;0.544869;0.470310;0.561501;0.592372;0.578879;0.510290;0.519846;0.562418;0.508071;0.546773;0.515622;0.519728;0.488607;0.573192;0.515705;0.558146;0.513420;0.531874;0.540785;0.488035;0.504088;0.495986;0.555760;0.546287;0.525517;0.577351;0.511944;0.579157;0.495541;0.529258;0.533691;0.496439;0.483874;0.531828;0.527644;0.516949;0.489390;0.499074;0.556921;0.456894;0.589410;0.505720;0.555042;0.552120;0.511911;0.556132;0.548845;0.483360;0.476467;0.516772;0.500539;0.547234;0.499855;0.513522;0.494061;0.545867;0.547127;0.561187;0.520471;0.496498;0.550338;0.425716;0.445436;0.467446;0.542662;0.481411;0.451706;0.524676;0.525773;0.543312;0.522726;0.550824;0.462366;0.542054;0.510794;0.512249;0.501797;0.452285;0.566353;0.469267;0.491249;0.505967;0.528279;0.474825;0.547882;0.556121;0.468704;0.468995;0.492874;0.504986;0.556077;0.509313;0.599912;0.511021;0.503779;0.490489;0.522783;0.469742;0.483176;0.521231;0.513068;0.494460;0.472241;0.468135;0.517954;0.507170;0.442396;0.481311;0.522049;0.563094;0.498124;0.495628;0.515160;0.522564;0.508257;0.483536;0.531593;0.461864;0.497144;0.501483;0.480028;0.468569;0.503748;0.462836;0.466448;0.467401;0.510718;0.534376;0.461340;0.486648;0.566187;0.511691;0.465322;0.502704;0.519851;0.486979;0.453840;0.494866;0.502252;0.545458;0.512625;0.472563;0.527107;0.523692;0.486663;0.522595;0.483620;0.466496;0.528227;0.526041;0.461130;0.467371;0.449499;0.467051;0.539622;0.502139;0.508895;0.493210;0.493644;0.490391;0.488101;0.543156;0.484002;0.504736;0.506254;0.500549;0.532490;0.511112;0.558794;0.450084;0.449712;0.480518;0.495915;0.488377;0.466349;0.508546;0.497126;0.519620;0.531078;0.476180;0.425940;0.465838;0.511495;0.465820;0.518714;0.496764;0.500163;0.463913;0.471355;0.498577;0.482177;0.499471;0.473702;0.455440;0.428646;0.496171;0.438645;0.453787;0.506842;0.479829;0.457926;0.462774;0.472498;0.524871;0.452367;0.427880;0.462808;0.469225;0.513227;0.445536;0.461708;0.489980;0.454854;0.485009;0.513760;0.540049;0.442082;0.502850;0.483433;0.504716;0.467517;0.475769;0.458306;0.404741;0.452271;0.469878;0.484739;0.465651;0.476358;0.455916;0.442021;0.467672;0.501611;0.436813;0.430529;0.449405;0.494444;
stand up;0.679023;0.716361;0.732121;0.578612;0.759737;0.718610;0.705650;0.603834;0.827135;0.884653;0.743986;0.682442;0.833262;0.750442;0.645774;0.700620;0.777903;0.689468;0.860140;0.793979;0.672106;0.841437;0.833154;0.660228;0.711203;0.632264;0.747442;0.880234;0.803137;0.619658;0.803305;0.838659;0.792702;0.645441;0.637048;0.757990;0.915699;0.707110;0.781422;0.676911;0.712662;0.828854;0.840263;0.719754;0.679649;0.625170;0.798508;0.865027;0.777218;0.806067;0.680893;0.772485;0.752295;0.702110;0.820005;0.695251;0.712177;0.684299;0.718723;0.719724;0.926477;0.654288;0.688559;0.767890;0.664190;0.767144;0.716269;0.847336;0.706483;0.661490;0.829696;0.585774;0.791948;0.775016;0.739339;0.704967;0.632983;0.693459;0.981101;0.683489;0.688755;0.769410;0.722508;0.875087;0.657526;0.795605;0.759500;0.701466;1.085748;0.734443;0.827257;0.608549;0.682021;0.853248;0.706341;0.721550;0.863631;0.695221;0.708701;0.658122;0.768644;0.770210;0.707866;0.663238;0.878012;0.886152;0.656299;0.767927;0.755803;0.739299;0.562324;0.822749;0.773562;0.621086;0.694391;0.866393;0.646490;0.602395;0.913437;0.719292;0.778797;0.854837;0.820242;0.764370;0.784810;0.809781;0.695808;0.740363;0.776482;0.793159;0.748759;0.724179;0.635880;0.684813;0.766435;0.628675;0.737770;0.793866;0.901881;0.759167;0.652162;0.797656;0.745511;0.845970;0.693524;0.761528;0.760955;0.927386;0.703379;0.846642;0.665477;0.751252;0.732882;0.648733;0.787837;0.740284;0.686678;0.919557;0.637290;0.572085;0.814046;0.845457;0.807102;0.669043;0.773102;0.724796;0.642220;0.730399;0.807865;0.701925;0.779386;0.666463;0.701087;0.687388;0.675376;0.790033;0.673720;0.714673;0.797159;0.854189;0.692571;0.668839;0.642698;0.651368;0.725151;0.745010;0.721585;0.781485;0.596936;0.688358;0.787623;0.609854;0.712725;0.692070;0.814576;0.727131;0.734175;0.806118;0.600642;0.653646;0.691274;0.633802;0.728943;0.766171;0.635413;0.601346;0.693758;0.746497;0.619600;0.691077;0.717400;0.746128;0.722914;0.835213;0.661511;0.701739;0.820125;0.609071;0.706432;0.789489;0.759151;0.839803;0.694492;0.775581;0.869571;0.743449;0.620551;0.719730;0.893888;0.690773;0.786529;0.730871;0.735372;0.642919;0.668661;0.951265;0.624818;0.663071;0.656324;0.720194;0.584588;0.710950;0.698396;0.749773;0.621574;0.701609;0.690777;0.879228;0.727520;0.781180;0.670077;0.699540;0.710471;0.642708;0.782489;0.704652;0.660306;0.674356;0.782475;0.674759;0.595008;0.703515;0.939339;0.671888;0.651437;0.641098;0.666042;0.682544;0.877589;0.770330;0.645770;0.717187;0.658665;0.929835;0.620611;0.703485;0.677623;0.723770;0.688053;0.786780;0.725363;0.969453;0.742563;0.637907;0.703086;0.642325;0.878251;0.697525;0.782266;0.879816;0.755673;0.807914;0.904915;0.687572;0.637156;0.673609;0.727713;0.903239;0.746063;0.782690;0.792896;0.652333;0.742587;0.640788;0.754931;0.805993;0.888722;0.600884;0.662557;0.731385;0.730793;0.793370;0.724278;0.758240;0.746313;0.887640;0.688651;0.811216;0.755289;0.674562;1.086888;0.652558;0.737961;0.760595;0.620501;0.833442;0.854885;0.658820;0.749445;0.783631;0.788256;0.696872;0.642254;0.759356;0.695885;0.639970;0.952153;0.726725;0.614242;0.738289;0.870178;0.752767;0.943591;0.708575;0.758807;0.767276;0.715875;0.779408;0.835201;0.842803;0.698235;0.732704;0.804581;0.653907;0.658437;0.751039;0.653397;0.884053;0.741156;0.912218;0.808742;0.696377;0.704933;0.829292;0.614966;0.749038;0.844823;0.906934;0.637000;0.776994;0.779343;0.697230;0.762631;0.665910;0.774507;0.708127;0.932594;0.812226;0.840780;0.642588;0.758665;0.779499;0.595587;0.770028;0.763825;0.737947;0.807552;0.696366;0.878710;0.672809;0.847311;0.634362;0.767840;0.740162;0.625195;0.676672;0.821075;0.705125;0.709203;0.657310;0.659792;0.790678;0.583249;0.929021;0.654649;0.861700;0.809825;0.693950;0.744979;0.772734;0.702341;0.685515;0.746816;0.703887;0.866824;0.725237;0.671090;0.750289;0.823405;0.753291;0.775076;0.727885;0.676452;0.966548;0.575736;0.635101;0.606775;0.870092;0.719343;0.571913;0.719804;0.713319;0.842289;0.742942;0.766159;0.556137;0.748367;0.692632;0.642143;0.779489;0.627439;0.815470;0.662424;0.690406;0.781215;0.687380;0.628034;0.847268;0.917783;0.589943;0.600449;0.763086;0.734505;0.826257;0.684965;0.928547;0.633053;0.706731;0.704736;0.741599;0.612205;0.670923;0.838661;0.752911;0.682130;0.812755;0.651109;0.742786;0.751636;0.619994;0.738542;0.840444;0.777630;0.726070;0.665448;0.711080;0.724840;0.906679;0.692945;0.856463;0.656752;0.726511;0.690408;0.667562;0.699380;0.686516;0.648818;0.738897;0.712260;0.777324;0.808910;0.632469;0.656035;0.808337;0.719588;0.661722;0.812356;0.780061;0.655045;0.610061;0.703625;0.656688;0.815823;0.709749;0.638862;0.736045;0.868495;0.672767;0.719248;0.698546;0.592205;0.782210;0.747489;0.672145;0.735223;0.620515;0.668729;0.814921;0.658513;0.715922;0.706247;0.719582;0.756108;0.706150;0.807306;0.657482;0.781182;0.719448;0.878313;0.839320;0.784631;0.886311;0.615160;0.632606;0.670495;0.724038;0.739209;0.642809;0.709824;0.757143;0.788992;0.799581;0.760295;0.560897;0.763400;0.765893;0.673313;0.814149;0.782376;0.731109;0.606182;0.640316;0.645434;0.629402;0.707732;0.732377;0.647214;0.614065;0.785324;0.576837;0.596926;0.821997;0.664033;0.663531;0.793404;0.708653;0.698993;0.638689;0.558314;0.661664;0.649029;0.724337;0.615883;0.775280;0.811932;0.683106;0.739461;0.735385;0.837185;0.631273;0.716508;0.753970;0.836211;0.716986;0.741168;0.716773;0.562450;0.628332;0.673660;0.697930;0.701239;0.795432;0.666029;0.638034;0.683211;0.740904;0.588769;0.670083;0.662466;0.725418;
stand up;0.034567;
upstairs;0.515401;0.520563;0.514615;0.488313;0.507507;0.500616;0.510666;0.505575;0.576924;0.537017;0.524730;0.489087;0.537470;0.515065;0.509429;0.497121;0.537747;0.466967;0.546866;0.542053;0.535983;0.519838;0.519461;0.506699;0.534992;0.503033;0.546284;0.550917;0.541374;0.491404;0.547818;0.553332;0.562043;0.514326;0.508890;0.536431;0.529071;0.540396;0.564441;0.514133;0.531800;0.551935;0.566205;0.537236;0.511380;0.486855;0.532470;0.564101;0.522472;0.511559;0.530074;0.558605;0.530297;0.518888;0.571699;0.551649;0.539889;0.514046;0.539948;0.511184;0.572601;0.526003;0.512634;0.532454;0.515246;0.542031;0.511296;0.558622;0.527388;0.513638;0.549001;0.475971;0.529645;0.519946;0.530619;0.518656;0.509371;0.514179;0.615162;0.512832;0.509368;0.551236;0.520393;0.546396;0.493259;0.532092;0.563120;0.542324;0.597568;0.539496;0.566208;0.500120;0.522394;0.538651;0.565622;0.543136;0.573504;0.527159;0.506516;0.497532;0.561600;0.544098;0.516281;0.525412;0.603256;0.563236;0.520293;0.574868;0.593992;0.562370;0.456447;0.545503;0.563200;0.490762;0.494456;0.574221;0.517373;0.518912;0.560223;0.529621;0.539179;0.553337;0.543460;0.553455;0.550627;0.561431;0.527120;0.527366;0.528305;0.548597;0.559345;0.566296;0.502851;0.543251;0.546220;0.507899;0.528228;0.516847;0.577711;0.488267;0.533900;0.532000;0.548877;0.570999;0.510441;0.560568;0.547305;0.573904;0.492344;0.536635;0.485620;0.524965;0.525270;0.524297;0.566083;0.536839;0.527520;0.547871;0.535422;0.492692;0.592470;0.591117;0.549603;0.506843;0.554415;0.537596;0.496727;0.528010;0.582770;0.539228;0.514015;0.492732;0.528722;0.506206;0.505377;0.569178;0.507212;0.538309;0.550084;0.575179;0.551668;0.503242;0.518792;0.532488;0.530903;0.531521;0.532717;0.564503;0.484031;0.518083;0.568318;0.527554;0.517461;0.534657;0.554761;0.523468;0.510658;0.542378;0.458089;0.502545;0.520429;0.524588;0.522743;0.510594;0.496676;0.471924;0.510531;0.528133;0.477548;0.513700;0.535422;0.534390;0.516361;0.574607;0.526528;0.515309;0.566973;0.478441;0.523122;0.540101;0.562546;0.549566;0.534271;0.539049;0.565523;0.526898;0.483509;0.520922;0.578479;0.497963;0.516642;0.502301;0.524105;0.516439;0.489022;0.553161;0.497500;0.482971;0.488620;0.506175;0.452064;0.518494;0.507367;0.514307;0.504939;0.526440;0.537869;0.519071;0.511906;0.534466;0.524375;0.505001;0.516037;0.524711;0.553459;0.531659;0.500164;0.481413;0.518422;0.529117;0.480559;0.483763;0.572282;0.483436;0.484071;0.462708;0.474021;0.491314;0.558711;0.550253;0.517771;0.518553;0.478574;0.575315;0.485683;0.500662;0.517531;0.541791;0.499843;0.540773;0.525027;0.554992;0.532358;0.516998;0.506883;0.446469;0.531547;0.503310;0.490061;0.515547;0.501949;0.533901;0.548249;0.484635;0.491832;0.521194;0.541010;0.543449;0.504370;0.500163;0.538267;0.511398;0.523376;0.502489;0.493085;0.501767;0.553790;0.475803;0.520078;0.497455;0.515967;0.544303;0.519508;0.522776;0.501238;0.550773;0.527786;0.554120;0.516182;0.498308;0.579929;0.511510;0.551189;0.563568;0.508278;0.553890;0.548281;0.496956;0.521527;0.517027;0.551745;0.523553;0.505458;0.506591;0.519540;0.504326;0.577463;0.484285;0.503565;0.529338;0.519811;0.539893;0.585439;0.540285;0.536888;0.532754;0.488636;0.531997;0.567975;0.540490;0.508668;0.498641;0.537179;0.512861;0.493769;0.509622;0.473015;0.537966;0.509282;0.547621;0.520545;0.486486;0.510475;0.514391;0.458277;0.543384;0.560563;0.557205;0.513811;0.542544;0.543666;0.497847;0.523250;0.508737;0.497608;0.481734;0.576604;0.517727;0.533714;0.509038;0.538491;0.537814;0.492455;0.514236;0.496556;0.535325;0.524570;0.510077;0.543380;0.504398;0.541695;0.484208;0.517196;0.505533;0.508021;0.498346;0.528983;0.542527;0.503595;0.469259;0.490515;0.546780;0.453989;0.540933;0.488833;0.524078;0.543768;0.509212;0.531063;0.541129;0.492152;0.468550;0.503498;0.493810;0.536897;0.486488;0.510118;0.502345;0.526463;0.513747;0.526497;0.490348;0.482544;0.524897;0.431884;0.456346;0.461538;0.527505;0.478487;0.458948;0.506842;0.518928;0.534864;0.503681;0.525422;0.462270;0.515701;0.499577;0.499853;0.483394;0.463659;0.546037;0.459332;0.487401;0.499812;0.518926;0.478533;0.532884;0.534050;0.461970;0.463409;0.480200;0.498588;0.536460;0.517687;0.577287;0.498783;0.488376;0.494185;0.520378;0.462318;0.465489;0.507143;0.489041;0.477121;0.473398;0.469140;0.515195;0.501568;0.447068;0.489873;0.501050;0.530976;0.492583;0.497507;0.512565;0.502944;0.487282;0.484041;0.510705;0.458996;0.493417;0.488549;0.480842;0.477218;0.478263;0.465645;0.465923;0.464959;0.499602;0.508677;0.455166;0.484143;0.538628;0.520765;0.461002;0.483345;0.492132;0.477930;0.461573;0.502329;0.509768;0.535146;0.520259;0.477559;0.507415;0.497925;0.476804;0.504551;0.452050;0.447240;0.514762;0.507894;0.463912;0.462695;0.453611;0.466595;0.531263;0.509830;0.520486;0.482807;0.487441;0.474233;0.475903;0.517467;0.482150;0.493091;0.507220;0.504637;0.504403;0.495792;0.560575;0.454326;0.463102;0.479692;0.478173;0.466256;0.457097;0.485786;0.482498;0.514123;0.513803;0.489874;0.439760;0.469114;0.508580;0.471463;0.514025;0.489084;0.494097;0.455758;0.477179;0.490887;0.487476;0.479076;0.476433;0.470574;0.440822;0.484168;0.434978;0.457965;0.489036;0.474375;0.443756;0.469172;0.469592;0.498604;0.464419;0.424317;0.450604;0.455738;0.496489;0.445146;0.460701;0.482365;0.450712;0.471433;0.495821;0.516484;0.443185;0.488863;0.482863;0.501896;0.474732;0.465765;0.469762;0.410496;0.459640;0.476755;0.488336;0.467791;0.490939;0.444341;0.439728;0.461708;0.479123;0.439941;0.442754;0.454775;0.486145;
upstairs;0.625821;0.647796;0.661675;0.541592;0.680520;0.662495;0.664846;0.565195;0.765689;0.780264;0.670963;0.612643;0.749269;0.673332;0.584141;0.627275;0.695138;0.611949;0.765319;0.705021;0.621778;0.743549;0.748451;0.591408;0.648380;0.579286;0.678701;0.783182;0.710582;0.575870;0.722285;0.745367;0.706300;0.606017;0.585248;0.684277;0.806370;0.642153;0.707318;0.606711;0.635097;0.759945;0.747321;0.656823;0.622871;0.554303;0.710048;0.794163;0.698549;0.720809;0.617695;0.687729;0.680257;0.639924;0.738899;0.619339;0.641341;0.623176;0.644943;0.659299;0.829280;0.627465;0.618882;0.682236;0.627289;0.712655;0.646556;0.746932;0.626933;0.604100;0.736687;0.538850;0.697469;0.686126;0.684311;0.639928;0.578099;0.616728;0.865800;0.618501;0.629960;0.684450;0.643865;0.779302;0.592151;0.710397;0.693722;0.628202;0.952765;0.661941;0.733416;0.544418;0.611917;0.758377;0.661257;0.645469;0.761697;0.645128;0.636307;0.590401;0.687941;0.704281;0.646810;0.620638;0.786085;0.794666;0.613266;0.688896;0.700862;0.665869;0.509207;0.736297;0.706461;0.577353;0.616908;0.767036;0.598451;0.586160;0.805821;0.648923;0.706966;0.757944;0.722360;0.690015;0.699508;0.713962;0.620173;0.659678;0.691562;0.707973;0.667296;0.696489;0.574759;0.621409;0.692486;0.574992;0.664526;0.710580;0.799634;0.669465;0.640502;0.712833;0.675789;0.754998;0.629718;0.703940;0.685200;0.814218;0.621020;0.746751;0.594936;0.675685;0.664347;0.587866;0.703455;0.665604;0.619400;0.809582;0.586617;0.512998;0.771912;0.763508;0.712072;0.595890;0.689703;0.645279;0.574415;0.672073;0.720820;0.638032;0.701393;0.593211;0.668624;0.622290;0.617538;0.708870;0.600096;0.644816;0.708786;0.755843;0.619520;0.600030;0.615373;0.585011;0.653267;0.666442;0.648216;0.698149;0.553970;0.622302;0.707724;0.588993;0.636828;0.613697;0.749184;0.675113;0.665464;0.716533;0.537572;0.581012;0.638084;0.585681;0.651757;0.679883;0.578779;0.552091;0.620509;0.662074;0.560154;0.638701;0.647718;0.660913;0.641936;0.748198;0.601544;0.624656;0.737797;0.549250;0.630272;0.703432;0.688666;0.752881;0.642047;0.697014;0.771028;0.670074;0.561594;0.648704;0.793112;0.615871;0.711095;0.649141;0.659659;0.593109;0.600450;0.842363;0.559645;0.598409;0.598913;0.647457;0.513976;0.637275;0.630954;0.670770;0.650358;0.638840;0.619558;0.777885;0.647928;0.692423;0.616400;0.630127;0.636768;0.623851;0.694777;0.643739;0.601536;0.599802;0.707351;0.612597;0.541625;0.635393;0.847539;0.605670;0.583304;0.567775;0.587817;0.613127;0.784258;0.685588;0.589867;0.643392;0.597765;0.826191;0.561714;0.629240;0.608381;0.672598;0.615957;0.703329;0.644582;0.860719;0.667969;0.588093;0.638496;0.574860;0.780555;0.642582;0.686248;0.785906;0.671756;0.743859;0.803569;0.614017;0.571838;0.634884;0.701530;0.802608;0.662720;0.696383;0.710398;0.586378;0.672256;0.584640;0.678732;0.729978;0.794626;0.550268;0.603712;0.659916;0.652516;0.698965;0.650184;0.713209;0.672404;0.788567;0.641727;0.724760;0.676626;0.609722;0.958929;0.604290;0.684803;0.704787;0.564128;0.746745;0.759640;0.586686;0.669656;0.698312;0.718989;0.641170;0.579155;0.671848;0.622909;0.588893;0.839556;0.644789;0.561587;0.664786;0.765176;0.670319;0.849644;0.660244;0.678555;0.678771;0.636443;0.691794;0.771630;0.740235;0.643118;0.651278;0.718689;0.587392;0.586001;0.668439;0.596831;0.778855;0.683999;0.803895;0.711612;0.625397;0.624733;0.728452;0.542319;0.663522;0.740045;0.807145;0.581071;0.719144;0.696407;0.622849;0.680489;0.609170;0.682637;0.625307;0.848702;0.727402;0.740291;0.569314;0.677548;0.691212;0.538706;0.698375;0.693895;0.665553;0.718932;0.630471;0.777652;0.621235;0.752197;0.584778;0.688366;0.655111;0.592492;0.625725;0.736101;0.674579;0.639111;0.585026;0.592527;0.712508;0.520079;0.818862;0.580834;0.766984;0.736013;0.618487;0.664437;0.702398;0.635989;0.608338;0.663834;0.631353;0.773694;0.643273;0.602061;0.681587;0.737124;0.672336;0.696265;0.646661;0.604430;0.852608;0.538373;0.602330;0.542701;0.769113;0.641105;0.524604;0.637991;0.641942;0.744494;0.662645;0.679977;0.528050;0.666575;0.619711;0.577306;0.687967;0.563978;0.724637;0.585909;0.615528;0.691508;0.628959;0.570924;0.759035;0.816347;0.531801;0.551356;0.671885;0.654177;0.754900;0.628979;0.832187;0.563855;0.629714;0.643509;0.682176;0.546539;0.596517;0.740845;0.667958;0.616757;0.731547;0.584916;0.673092;0.669080;0.552389;0.691506;0.741169;0.692528;0.649122;0.601855;0.649126;0.647928;0.799995;0.631881;0.758836;0.598374;0.678191;0.614999;0.602347;0.632405;0.607338;0.576595;0.659805;0.631261;0.690160;0.712335;0.566802;0.589359;0.724269;0.688283;0.593575;0.715734;0.687563;0.594689;0.546435;0.635382;0.616569;0.744954;0.659758;0.577269;0.659059;0.768609;0.601739;0.650634;0.614406;0.536693;0.699920;0.663383;0.617539;0.652922;0.555703;0.598349;0.730138;0.655699;0.677011;0.633401;0.648897;0.671596;0.633273;0.717637;0.595894;0.703979;0.674021;0.793258;0.738745;0.690479;0.801789;0.547905;0.585383;0.615042;0.645101;0.654353;0.580410;0.634026;0.670480;0.713413;0.710334;0.705617;0.517634;0.680328;0.682977;0.615248;0.722306;0.697380;0.657246;0.543080;0.595739;0.585875;0.588460;0.627413;0.660310;0.604697;0.572612;0.698150;0.516517;0.537742;0.723049;0.592470;0.592424;0.747496;0.640664;0.620927;0.616512;0.502509;0.588365;0.576337;0.653790;0.549871;0.683244;0.726172;0.614557;0.665053;0.674672;0.744006;0.563487;0.636876;0.677890;0.745451;0.657038;0.657827;0.662258;0.503017;0.581108;0.619937;0.646041;0.630295;0.734212;0.587554;0.566648;0.608256;0.656663;0.538525;0.607730;0.599408;0.654236;
upstairs;0.488632;
walking;0.523937;0.539294;0.526718;0.497691;0.525041;0.524077;0.525762;0.500297;0.571198;0.537607;0.528041;0.497186;0.561131;0.545238;0.518423;0.505879;0.534522;0.484657;0.549310;0.531791;0.528933;0.514595;0.531043;0.508933;0.558284;0.513875;0.571673;0.560787;0.553070;0.521739;0.552247;0.562747;0.548342;0.533056;0.533981;0.528586;0.524026;0.552814;0.564896;0.533779;0.535858;0.557242;0.581992;0.555790;0.524490;0.489812;0.525385;0.559058;0.533723;0.507886;0.533046;0.568838;0.538769;0.524538;0.570421;0.571982;0.537247;0.525631;0.544597;0.513272;0.573549;0.536651;0.514819;0.538462;0.513364;0.558546;0.513942;0.555464;0.553958;0.550519;0.555096;0.489691;0.530051;0.519729;0.538919;0.520470;0.511542;0.509229;0.613697;0.525399;0.520808;0.562530;0.538546;0.553728;0.499871;0.526803;0.579516;0.548215;0.595385;0.551088;0.576553;0.521562;0.539759;0.537656;0.592550;0.573267;0.571216;0.524828;0.510407;0.500186;0.559178;0.539091;0.520766;0.520533;0.604827;0.567787;0.542351;0.571739;0.592064;0.560130;0.477230;0.547730;0.571162;0.513763;0.511531;0.586388;0.548392;0.546332;0.570303;0.536144;0.535013;0.581953;0.558990;0.560478;0.561871;0.558782;0.540813;0.520064;0.538598;0.552121;0.556061;0.573731;0.522514;0.540729;0.550279;0.520609;0.533808;0.537185;0.590253;0.512991;0.540931;0.558871;0.558196;0.572431;0.529626;0.575517;0.544584;0.590815;0.515486;0.551748;0.512899;0.545156;0.547392;0.545357;0.558668;0.543650;0.541227;0.539167;0.543215;0.511466;0.579663;0.579595;0.560306;0.513007;0.569031;0.552651;0.534392;0.556872;0.582690;0.559106;0.529305;0.516964;0.551830;0.532915;0.520041;0.580078;0.535933;0.551531;0.563236;0.584513;0.594473;0.523064;0.546410;0.546543;0.539665;0.547595;0.538867;0.557480;0.495546;0.556717;0.564850;0.548631;0.553661;0.566707;0.583128;0.548718;0.534670;0.567333;0.494683;0.524875;0.555396;0.548007;0.546192;0.558026;0.516816;0.515687;0.540320;0.558104;0.517098;0.537632;0.534192;0.552975;0.527227;0.572395;0.531191;0.544671;0.576859;0.501943;0.554456;0.561771;0.583616;0.576011;0.549181;0.562529;0.577262;0.548449;0.510233;0.553829;0.596134;0.534258;0.553821;0.538633;0.560519;0.543240;0.526407;0.573299;0.510753;0.503234;0.517898;0.534643;0.489663;0.556167;0.518378;0.542667;0.532712;0.550949;0.550655;0.558105;0.543460;0.563333;0.557070;0.531594;0.557910;0.563093;0.589216;0.563006;0.544883;0.529851;0.562541;0.560794;0.510959;0.509125;0.601081;0.525475;0.508213;0.502727;0.515284;0.527156;0.576056;0.591486;0.542996;0.550743;0.520997;0.594137;0.513606;0.538951;0.547219;0.580245;0.517176;0.573461;0.556400;0.582410;0.547820;0.560779;0.546488;0.522576;0.545976;0.536553;0.521429;0.551245;0.543385;0.558346;0.574560;0.516922;0.518316;0.557722;0.567803;0.564168;0.543507;0.510808;0.553150;0.531141;0.556642;0.554315;0.534152;0.557003;0.575103;0.537099;0.538875;0.535335;0.562430;0.558443;0.539792;0.563950;0.532500;0.558221;0.568385;0.575923;0.547104;0.532739;0.586590;0.544693;0.579436;0.575417;0.534574;0.564347;0.587557;0.535736;0.544297;0.544440;0.578775;0.553623;0.549294;0.543248;0.549120;0.541180;0.593041;0.519823;0.521554;0.537521;0.554851;0.573038;0.590243;0.554407;0.572689;0.579334;0.519619;0.574358;0.598585;0.574929;0.549383;0.536574;0.559779;0.546792;0.531294;0.547667;0.513447;0.574863;0.547872;0.570215;0.559254;0.525951;0.533832;0.535218;0.494631;0.558224;0.577563;0.578102;0.549183;0.567659;0.572760;0.540702;0.550254;0.548497;0.540084;0.524663;0.594798;0.556521;0.564178;0.547910;0.562769;0.581603;0.518818;0.549227;0.527687;0.570119;0.557075;0.556864;0.569155;0.531732;0.558442;0.502502;0.563683;0.537978;0.529343;0.537493;0.550351;0.584335;0.533367;0.510708;0.524459;0.569292;0.513044;0.584941;0.516781;0.574280;0.561198;0.534419;0.556110;0.576750;0.533235;0.518815;0.527742;0.529483;0.562366;0.513233;0.533428;0.531923;0.554909;0.547230;0.538899;0.525074;0.504833;0.561257;0.476375;0.497750;0.512783;0.561118;0.526353;0.508968;0.545458;0.546512;0.565264;0.552004;0.554771;0.501606;0.569034;0.549435;0.537511;0.523166;0.507714;0.573733;0.496868;0.506895;0.524229;0.554808;0.506083;0.571653;0.552941;0.504385;0.515314;0.524612;0.539938;0.573968;0.561096;0.597569;0.526245;0.529861;0.540713;0.548826;0.528620;0.524279;0.546947;0.539430;0.512972;0.527944;0.510940;0.549783;0.530225;0.496873;0.506595;0.527140;0.554211;0.517303;0.526059;0.534338;0.535903;0.523901;0.527363;0.556874;0.517283;0.529910;0.534356;0.500656;0.520903;0.507891;0.510490;0.518073;0.499652;0.556962;0.570722;0.503536;0.541771;0.580179;0.553721;0.500001;0.508720;0.516435;0.496243;0.484068;0.532480;0.532099;0.575924;0.566357;0.530904;0.546450;0.546924;0.525162;0.542880;0.494276;0.495878;0.533878;0.548678;0.512187;0.500656;0.517451;0.544784;0.572804;0.552183;0.567733;0.512284;0.531200;0.504741;0.506820;0.527166;0.497037;0.534960;0.538494;0.550133;0.555662;0.544388;0.578312;0.502156;0.509102;0.518029;0.510514;0.496572;0.493320;0.515523;0.514774;0.559027;0.555716;0.528518;0.520687;0.539100;0.561001;0.523151;0.553803;0.524236;0.521630;0.484950;0.504674;0.527875;0.521647;0.514978;0.537899;0.510733;0.501666;0.522004;0.494620;0.495551;0.513593;0.517450;0.485956;0.509425;0.527136;0.533390;0.491596;0.481596;0.505751;0.521968;0.542096;0.509028;0.494373;0.504519;0.500030;0.511947;0.525305;0.542765;0.481861;0.528542;0.504029;0.541890;0.516756;0.519394;0.496198;0.455269;0.498057;0.498626;0.539526;0.526352;0.551218;0.492012;0.490161;0.502263;0.534459;0.498108;0.519474;0.506250;0.526689;
walking;0.584208;0.615248;0.616347;0.505901;0.634678;0.630907;0.631585;0.526353;0.710992;0.716117;0.624142;0.578012;0.711337;0.655384;0.548658;0.587463;0.645844;0.590771;0.710041;0.655198;0.578523;0.677581;0.693957;0.549568;0.631069;0.536171;0.658218;0.718325;0.676497;0.609174;0.667531;0.693951;0.647721;0.583883;0.566616;0.630194;0.737156;0.615939;0.665720;0.589060;0.595739;0.722017;0.724436;0.626510;0.601069;0.517421;0.656167;0.738411;0.657752;0.661709;0.579984;0.656108;0.644083;0.592512;0.682256;0.602824;0.589383;0.605525;0.609367;0.610267;0.758148;0.588044;0.576394;0.636065;0.583757;0.685410;0.601974;0.687771;0.623165;0.596367;0.689766;0.507982;0.652781;0.642591;0.645863;0.596065;0.544795;0.573650;0.798290;0.587444;0.586337;0.635369;0.634201;0.724485;0.556312;0.654577;0.646176;0.580219;0.869046;0.623566;0.700791;0.532978;0.574811;0.700667;0.654093;0.628631;0.702753;0.596668;0.586653;0.547759;0.643131;0.649292;0.610045;0.572364;0.744949;0.743899;0.591181;0.638077;0.649282;0.622312;0.500473;0.674112;0.663995;0.555161;0.588874;0.719073;0.586255;0.566960;0.754249;0.603672;0.660256;0.716896;0.666235;0.638235;0.660842;0.668992;0.581739;0.611229;0.655011;0.661472;0.618482;0.654988;0.561247;0.576958;0.647277;0.555613;0.620881;0.685249;0.744700;0.627743;0.591833;0.682978;0.624993;0.692731;0.603603;0.677966;0.637945;0.770556;0.586889;0.698373;0.580914;0.635713;0.655793;0.570739;0.644548;0.622177;0.592887;0.741989;0.568371;0.505545;0.709092;0.703385;0.685163;0.553992;0.648628;0.612865;0.578272;0.651500;0.664136;0.607897;0.655482;0.563040;0.651945;0.604190;0.580585;0.664016;0.571431;0.596759;0.656692;0.698660;0.629988;0.561962;0.593178;0.551838;0.600325;0.643151;0.605138;0.639604;0.529873;0.624537;0.648901;0.574019;0.630743;0.586085;0.700390;0.634164;0.626440;0.674843;0.523458;0.550584;0.642309;0.557891;0.610432;0.661991;0.546350;0.543329;0.589285;0.621252;0.542533;0.618171;0.594195;0.612967;0.601874;0.689160;0.557408;0.612632;0.694404;0.520023;0.615336;0.665489;0.646284;0.697477;0.596190;0.646347;0.716116;0.644653;0.536293;0.632212;0.733599;0.606540;0.676834;0.617119;0.623629;0.566946;0.564425;0.791388;0.522179;0.557887;0.564490;0.605582;0.499103;0.621955;0.581253;0.631619;0.620103;0.600034;0.579929;0.735605;0.611495;0.646290;0.598885;0.608269;0.629806;0.628927;0.664048;0.631074;0.591796;0.586200;0.684112;0.568685;0.531076;0.594550;0.788578;0.589803;0.545210;0.554277;0.574045;0.575102;0.726167;0.680978;0.577302;0.610923;0.582941;0.761309;0.537667;0.595632;0.574845;0.661514;0.577484;0.673038;0.617291;0.799146;0.615276;0.586644;0.651056;0.615214;0.715063;0.605431;0.651087;0.732815;0.631632;0.699969;0.742939;0.576305;0.535278;0.603530;0.663379;0.739221;0.633653;0.635778;0.668756;0.549435;0.638196;0.581486;0.651486;0.719040;0.753109;0.568709;0.566826;0.623855;0.647275;0.646037;0.618284;0.679730;0.641914;0.717828;0.657349;0.672119;0.632496;0.579344;0.868936;0.565189;0.643361;0.648563;0.533042;0.679612;0.719592;0.567826;0.619483;0.647701;0.683455;0.601547;0.578873;0.641677;0.597470;0.583505;0.771608;0.621018;0.538152;0.608831;0.741802;0.640759;0.774622;0.618076;0.631102;0.653491;0.591720;0.676159;0.726311;0.691805;0.611974;0.612308;0.663869;0.569131;0.582466;0.638923;0.568657;0.740418;0.649255;0.764232;0.666830;0.599483;0.593766;0.677587;0.524014;0.615331;0.703492;0.741468;0.555823;0.684768;0.660382;0.611292;0.629122;0.586118;0.642018;0.604778;0.782474;0.674033;0.696253;0.549402;0.631460;0.691895;0.508236;0.673119;0.652762;0.653346;0.670205;0.630295;0.740690;0.596060;0.692678;0.538257;0.668856;0.623833;0.548567;0.592989;0.677140;0.648749;0.604567;0.567154;0.553677;0.659752;0.520363;0.773482;0.545122;0.731047;0.676895;0.593426;0.629935;0.663868;0.609061;0.591544;0.620279;0.618245;0.735574;0.602995;0.578476;0.646458;0.678789;0.632203;0.638129;0.604886;0.556452;0.785789;0.516692;0.580468;0.541540;0.711793;0.608480;0.524775;0.602947;0.596392;0.695460;0.642518;0.636052;0.508960;0.648172;0.632980;0.590499;0.677883;0.564695;0.669795;0.557044;0.570368;0.644208;0.610429;0.531373;0.714085;0.752849;0.508512;0.538157;0.639889;0.617468;0.702005;0.609150;0.763863;0.547485;0.616117;0.612734;0.630831;0.587256;0.592607;0.699459;0.663094;0.584913;0.706731;0.565074;0.623260;0.619185;0.547466;0.637284;0.688898;0.651506;0.602838;0.557118;0.600837;0.604761;0.730192;0.593818;0.702671;0.583171;0.623453;0.590277;0.561448;0.605577;0.574015;0.559893;0.642042;0.593280;0.674879;0.694568;0.541790;0.592464;0.677691;0.658657;0.565987;0.652251;0.628462;0.555049;0.504380;0.590965;0.579439;0.694533;0.618536;0.575318;0.620657;0.720180;0.569393;0.607110;0.573210;0.548140;0.640347;0.641983;0.594143;0.607364;0.555097;0.605596;0.695874;0.620615;0.636557;0.587323;0.620629;0.621031;0.595940;0.647716;0.547311;0.670765;0.637925;0.737412;0.690049;0.653144;0.733041;0.526366;0.545280;0.576483;0.589134;0.613185;0.544508;0.593187;0.628680;0.700991;0.667587;0.653077;0.556347;0.667037;0.651782;0.582403;0.673192;0.646331;0.605662;0.508445;0.564522;0.562845;0.567431;0.592971;0.647180;0.569110;0.568658;0.643549;0.509715;0.504526;0.656028;0.563065;0.568532;0.685219;0.664249;0.591746;0.572562;0.503573;0.570688;0.557980;0.624186;0.553183;0.625454;0.673110;0.593675;0.615013;0.622924;0.681953;0.530455;0.593972;0.619607;0.708630;0.613087;0.620539;0.601726;0.477445;0.550380;0.569352;0.614361;0.635972;0.705713;0.557621;0.565522;0.589101;0.634405;0.536157;0.600630;0.573800;0.614541;
walking;0.642555;
